wl,name,tier,C,H,net,gross,ovh,K,pos,n
A1,FSDP Llama-8B train,nvme,4,4,0.0,0.0,0.0,0,0,68620
A1,FSDP Llama-8B train,nvme,4,6,4.028034316290953,4.093495576271132,35.19548219905721,0.39040146996631325,63.94061802750354,68573
A1,FSDP Llama-8B train,nvme,4,8,6.945860905827581,7.016846540480258,29.52560458592487,0.43267758447202254,69.7723593834308,68573
A1,FSDP Llama-8B train,nvme,4,12,11.264008679018195,11.345032511817843,16.927650027968234,0.5166943933689403,79.07217698391851,68526
A1,FSDP Llama-8B train,nvme,4,16,14.638947360989594,14.71626974606771,11.297705254980874,0.5165630563581706,83.25307182675189,68526
A1,FSDP Llama-8B train,nvme,4,24,18.78274559342558,18.86205181932944,5.248442173009544,0.5595481646013561,91.11672901566519,68432
A1,FSDP Llama-8B train,nvme,4,36,21.657016000064715,21.749257750226032,4.418636284355309,0.6806023003307091,92.37759372530657,68338
A1,FSDP Llama-8B train,nvme,4,48,23.88345672169113,23.983421448094724,3.518754306872038,0.7602866186038333,93.13639294296935,68244
A1,FSDP Llama-8B train,sata,4,4,0.0,0.0,0.0,0,0,68620
A1,FSDP Llama-8B train,sata,4,6,3.6121734785835375,4.093495576271132,258.78455939140116,0.39040146996631325,52.50754670205474,68573
A1,FSDP Llama-8B train,sata,4,8,6.494904943464604,7.016846540480258,217.09520927484203,0.43267758447202254,60.001749959896756,68573
A1,FSDP Llama-8B train,sata,4,12,10.74928227453821,11.345032511817843,124.46524895564419,0.5166943933689403,70.64763739310627,68526
A1,FSDP Llama-8B train,sata,4,16,14.147735431340564,14.71626974606771,83.06951613870659,0.5165630563581706,77.28745293757115,68526
A1,FSDP Llama-8B train,sata,4,24,18.278930763864114,18.86205181932944,38.59062897765629,0.5595481646013561,87.15220949263502,68432
A1,FSDP Llama-8B train,sata,4,36,21.07102465945658,21.749257750226032,32.48925067969029,0.6806023003307091,88.56126898650824,68338
A1,FSDP Llama-8B train,sata,4,48,23.248403029232733,23.983421448094724,25.872618473028567,0.7602866186038333,89.86870640642401,68244
A2,vLLM serving,nvme,2,4,4.413648460467296,4.440370730328599,18.91913992316092,0.18584960652870883,59.4797435150102,68620
A2,vLLM serving,nvme,2,6,7.605625612103656,7.636203825876601,11.998136404185445,0.2189054000845814,67.8357370976915,68573
A2,vLLM serving,nvme,2,8,10.133600367660708,10.162567952473271,9.197561660342137,0.2140492613710936,71.36482288947545,68573
A2,vLLM serving,nvme,2,12,13.85833643286892,13.890801136985559,5.022558750577149,0.25118932959752505,77.99083559524853,68526
A2,vLLM serving,nvme,2,16,17.01552278706544,17.044983612660303,2.8765770465279092,0.23815777952893794,81.59676619093483,68526
A2,vLLM serving,nvme,2,24,20.40554721847638,20.43748289463318,2.25780570194939,0.26819324292728547,89.84393266308159,68432
A2,vLLM serving,nvme,2,36,23.068510569998427,23.103486244950577,2.197993656248889,0.3049255172817466,90.9684216687641,68338
A2,vLLM serving,nvme,2,48,25.199986640428037,25.23703408559142,2.015385389066997,0.33112068460230937,92.16634429400386,68244
A2,vLLM serving,sata,2,4,4.260373554093026,4.440370730328599,127.4364708031783,0.18584960652870883,53.56310113669485,68620
A2,vLLM serving,sata,2,6,7.430233593481478,7.636203825876601,80.81763577913593,0.2189054000845814,62.94314088635468,68573
A2,vLLM serving,sata,2,8,9.967446673641486,10.162567952473271,61.95338703287062,0.2140492613710936,67.37783092470796,68573
A2,vLLM serving,sata,2,12,13.672123790388587,13.890801136985559,33.83119762181212,0.25118932959752505,74.73513702828124,68526
A2,vLLM serving,sata,2,16,16.846539938370373,17.044983612660303,19.376188785103086,0.23815777952893794,79.46035081574877,68526
A2,vLLM serving,sata,2,24,20.222369000520366,20.43748289463318,15.20823840747042,0.26819324292728547,88.10644143090953,68432
A2,vLLM serving,sata,2,36,22.867895377820062,23.103486244950577,14.805353495865159,0.3049255172817466,89.29146302203752,68338
A2,vLLM serving,sata,2,48,24.987488087038056,25.23703408559142,13.575331771639963,0.33112068460230937,90.77721118340074,68244
A3,ViT-Huge train,nvme,4,4,0.0,0.0,0.0,0,0,68620
A3,ViT-Huge train,nvme,4,6,4.069137426221822,4.093495576271132,13.096247104339804,0.39040146996631325,66.20681609379785,68573
A3,ViT-Huge train,nvme,4,8,6.990432769331658,7.016846540480258,10.986484327044634,0.43267758447202254,71.46398728362475,68573
A3,ViT-Huge train,nvme,4,12,11.314883524806264,11.345032511817843,6.2987825087473,0.5166943933689403,80.34760528850363,68526
A3,ViT-Huge train,nvme,4,16,14.687498068613385,14.71626974606771,4.20387875051884,0.5165630563581706,84.04547179172869,68526
A3,ViT-Huge train,nvme,4,24,18.83254195424289,18.86205181932944,1.9529465521134453,0.5595481646013561,91.47328735094693,68432
A3,ViT-Huge train,nvme,4,36,21.714934573557564,21.749257750226032,1.644175588130169,0.6806023003307091,92.777078638532,68338
A3,ViT-Huge train,nvme,4,48,23.94622455017198,23.983421448094724,1.3093292952105064,0.7602866186038333,93.47634956919289,68244
A3,ViT-Huge train,sata,4,4,0.0,0.0,0.0,0,0,68620
A3,ViT-Huge train,sata,4,6,3.8961894756629403,4.093495576271132,106.08233562596752,0.39040146996631325,59.07718781444592,68573
A3,ViT-Huge train,sata,4,8,6.802889479819369,7.016846540480258,88.99281667835736,0.43267758447202254,65.75911802021204,68573
A3,ViT-Huge train,sata,4,12,11.100819422872272,11.345032511817843,51.0214533067631,0.5166943933689403,75.79604821527596,68526
A3,ViT-Huge train,sata,4,16,14.483213152074445,14.71626974606771,34.05229551568497,0.5165630563581706,80.9809415404372,68526
A3,ViT-Huge train,sata,4,24,18.623015751404978,18.86205181932944,15.81927478538657,0.5595481646013561,89.8702361468319,68432
A3,ViT-Huge train,sata,4,36,21.47123285362131,21.749257750226032,13.318165515542914,0.6806023003307091,91.21133190904035,68338
A3,ViT-Huge train,sata,4,48,23.682118809388562,23.983421448094724,10.605840637613287,0.7602866186038333,92.15022566086397,68244
A4,DLRM train,nvme,3,4,2.309465012284532,2.343937315993282,26.809822899134204,0.24988341591372779,55.931215389099386,68620
A4,DLRM train,nvme,3,6,5.824891824127403,5.87078770167494,18.616137545427133,0.3406880258994065,66.82659355723098,68573
A4,DLRM train,nvme,3,8,8.534680567289621,8.57903995882693,15.22667694143855,0.33825266504309276,70.82525192131014,68573
A4,DLRM train,nvme,3,12,12.523935500970547,12.57522572344733,9.195181748142824,0.4097422875988676,78.62709044742142,68526
A4,DLRM train,nvme,3,16,15.803117389482868,15.849994675716722,6.221407346913977,0.39284359221317455,82.3395499518431,68526
A4,DLRM train,nvme,3,24,19.54914985717339,19.599130485482934,3.161341866844675,0.4376753565583353,90.69148936170212,68432
A4,DLRM train,nvme,3,36,22.310216534269266,22.366787025666163,2.5822937851544068,0.5159208639409991,91.92103953876321,68338
A4,DLRM train,nvme,3,48,24.487567253217165,24.548376214512782,2.1949426497161797,0.5693101225016118,92.86677217044722,68244
A4,DLRM train,sata,3,4,2.0776937788384653,2.343937315993282,207.06310026352583,0.24988341591372779,46.72835907898572,68620
A4,DLRM train,sata,3,6,5.5163152857226825,5.87078770167494,143.7799559359585,0.3406880258994065,58.28241436133755,68573
A4,DLRM train,sata,3,8,8.236434445464312,8.57903995882693,117.60178148387645,0.33825266504309276,64.16665451416739,68573
A4,DLRM train,sata,3,12,12.179090600913863,12.57522572344733,71.01810584203925,0.4097422875988676,72.94019788109622,68526
A4,DLRM train,sata,3,16,15.487942443740351,15.849994675716722,48.05044397722922,0.39284359221317455,78.44905583282258,68526
A4,DLRM train,sata,3,24,19.21310988811349,19.599130485482934,24.416321226906742,0.4376753565583353,87.8434065934066,68432
A4,DLRM train,sata,3,36,21.929870251685877,22.366787025666163,19.944098808745736,0.5159208639409991,88.98124030554011,68338
A4,DLRM train,sata,3,48,24.078724024080685,24.548376214512782,16.952429400999428,0.5693101225016118,90.38450266690113,68244
A5,GAPBS graph,nvme,2,4,4.318517970653245,4.440370730328599,86.27071810460194,0.18584960652870883,55.27542990381813,68620
A5,GAPBS graph,nvme,2,6,7.4967680760875455,7.636203825876601,54.711146897277715,0.2189054000845814,64.45393959721757,68573
A5,GAPBS graph,nvme,2,8,10.030476623074192,10.162567952473271,41.9406089532463,0.2140492613710936,68.58238665363918,68573
A5,GAPBS graph,nvme,2,12,13.742763047063242,13.890801136985559,22.902719251236,0.25118932959752505,75.81064121647259,68526
A5,GAPBS graph,nvme,2,16,16.91064311989225,17.044983612660303,13.11710619485071,0.23815777952893794,80.20167527653737,68526
A5,GAPBS graph,nvme,2,24,20.291857156550197,20.43748289463318,10.295527177191138,0.26819324292728547,88.72895721299977,68432
A5,GAPBS graph,nvme,2,36,22.943998202334885,23.103486244950577,10.022786019029981,0.3049255172817466,89.84898592291259,68338
A5,GAPBS graph,nvme,2,48,25.06809883213015,25.23703408559142,9.190097725289771,0.33112068460230937,91.27102748959615,68244
A5,GAPBS graph,sata,2,4,3.8527259699587453,4.440370730328599,416.0474953754191,0.18584960652870883,47.9685222967065,68620
A5,GAPBS graph,sata,2,6,6.963763677700348,7.636203825876601,263.8489181013877,0.2189054000845814,56.8182812477214,68573
A5,GAPBS graph,sata,2,8,9.525546863919647,10.162567952473271,202.26196898420392,0.2140492613710936,62.390445218963734,68573
A5,GAPBS graph,sata,2,12,13.176875509779546,13.890801136985559,110.45021058257362,0.25118932959752505,69.9238245337536,68526
A5,GAPBS graph,sata,2,16,16.397115752375655,17.044983612660303,63.25830245581229,0.23815777952893794,75.90257712401133,68526
A5,GAPBS graph,sata,2,24,19.735191028716848,20.43748289463318,49.651010096454044,0.26819324292728547,84.80681552490064,68432
A5,GAPBS graph,sata,2,36,22.334342297497493,23.103486244950577,48.335693865967166,0.3049255172817466,86.35020047411396,68338
A5,GAPBS graph,sata,2,48,24.42233020196368,25.23703408559142,44.31998741712325,0.33112068460230937,87.86853056678976,68244
A6,gem5 sim,nvme,6,6,0.0,0.0,0.0,0,0,68573
A6,gem5 sim,nvme,6,8,3.578890637864476,3.827723281214307,187.54414063047616,0.5295961967538244,62.47502661397343,68573
A6,gem5 sim,nvme,6,12,8.71329529972336,9.015159707066196,102.05586294715275,0.6778594985844789,75.95219332807986,68526
A6,gem5 sim,nvme,6,16,12.302519430920547,12.612432570982277,74.6220556337119,0.7288620377666871,81.71788810086682,68526
A6,gem5 sim,nvme,6,24,17.211090594607096,17.51204350843728,18.431992616180704,0.7611497545008183,89.91845920037409,68432
A6,gem5 sim,nvme,6,36,20.334059031573183,20.70256855688234,16.07801192056794,0.9823816910064679,92.12590359682753,68338
A6,gem5 sim,nvme,6,48,22.657559719648077,23.06146204427764,13.596956668229025,1.1185305667897545,92.80376296817303,68244
A6,gem5 sim,sata,6,6,0.0,0.0,0.0,0,0,68573
A6,gem5 sim,sata,6,8,2.75452671057626,3.827723281214307,808.8638446239585,0.5295961967538244,48.57742843393172,68573
A6,gem5 sim,sata,6,12,7.713241106689609,9.015159707066196,440.1593000577881,0.6778594985844789,63.34238099407524,68526
A6,gem5 sim,sata,6,16,11.275800388675226,12.612432570982277,321.8393419848527,0.7288620377666871,72.12444911420482,68526
A6,gem5 sim,sata,6,24,16.214056111373765,17.51204350843728,79.4958048888338,0.7611497545008183,83.17453822772973,68432
A6,gem5 sim,sata,6,36,19.11321454976666,20.70256855688234,69.34326229687126,0.9823816910064679,85.57318036816997,68338
A6,gem5 sim,sata,6,48,21.3194615421338,23.06146204427764,58.64265665072927,1.1185305667897545,86.96881777152569,68244
A7,DuckDB multi-proc,nvme,3,4,2.1776438851174933,2.343937315993282,129.32983733064015,0.24988341591372779,49.69833867677062,68620
A7,DuckDB multi-proc,nvme,3,6,5.6493872694636815,5.87078770167494,89.80372789238291,0.3406880258994065,61.27192918495618,68573
A7,DuckDB multi-proc,nvme,3,8,8.365051492241536,8.57903995882693,73.45306454775731,0.33825266504309276,66.47805987779446,68573
A7,DuckDB multi-proc,nvme,3,12,12.327803121868136,12.57522572344733,44.35730009064103,0.4097422875988676,75.07515395616262,68526
A7,DuckDB multi-proc,nvme,3,16,15.623859955396439,15.849994675716722,30.01189538520602,0.39284359221317455,79.9856988588273,68526
A7,DuckDB multi-proc,nvme,3,24,19.358025329612204,19.599130485482934,15.250224924064337,0.4376753565583353,89.12789338321254,68432
A7,DuckDB multi-proc,nvme,3,36,22.093892554202938,22.366787025666163,12.45691314078066,0.5159208639409991,90.33626971816558,68338
A7,DuckDB multi-proc,nvme,3,48,24.255035482565294,24.548376214512782,10.588342075446002,0.5693101225016118,91.56116288611453,68244
A7,DuckDB multi-proc,sata,3,4,1.7964934550570566,2.343937315993282,425.7584025398065,0.24988341591372779,42.140775284173706,68620
A7,DuckDB multi-proc,sata,3,6,5.141929641652037,5.87078770167494,295.63705111474724,0.3406880258994065,52.65191839353681,68573
A7,DuckDB multi-proc,sata,3,8,7.874582352014834,8.57903995882693,241.8100885996966,0.33825266504309276,59.52488588803173,68573
A7,DuckDB multi-proc,sata,3,12,11.760701760726445,12.57522572344733,146.02580206830498,0.4097422875988676,68.22082129410735,68526
A7,DuckDB multi-proc,sata,3,16,15.105551171653484,15.849994675716722,98.80022197607646,0.39284359221317455,75.23713626944517,68526
A7,DuckDB multi-proc,sata,3,24,18.80540377766071,19.599130485482934,50.20428028099056,0.4376753565583353,84.90764554594342,68432
A7,DuckDB multi-proc,sata,3,36,21.46840876562793,22.366787025666163,41.00859901212748,0.5159208639409991,86.40726974743188,68338
A7,DuckDB multi-proc,sata,3,48,23.582688141198926,24.548376214512782,34.857196920937284,0.5693101225016118,87.83922396108082,68244
A8,DuckDB multi-thread,nvme,3,4,2.219667988378139,2.343937315993282,96.64682387640869,0.24988341591372779,51.24016321772078,68620
A8,DuckDB multi-thread,nvme,3,6,5.705337492970389,5.87078770167494,67.10937902804017,0.3406880258994065,62.73314569874441,68573
A8,DuckDB multi-thread,nvme,3,8,8.419128633888153,8.57903995882693,54.890700700220435,0.33825266504309276,67.80219619967043,68573
A8,DuckDB multi-thread,nvme,3,12,12.39032942193316,12.57522572344733,33.14774268625749,0.4097422875988676,76.08790823920847,68526
A8,DuckDB multi-thread,nvme,3,16,15.681006583423226,15.849994675716722,22.427572997520535,0.39284359221317455,80.67886641566704,68526
A8,DuckDB multi-thread,nvme,3,24,19.418955144540096,19.599130485482934,11.39633229834098,0.4376753565583353,89.64519523030161,68432
A8,DuckDB multi-thread,nvme,3,36,22.16285586434473,22.366787025666163,9.308919853373784,0.5159208639409991,90.808920366414,68338
A8,DuckDB multi-thread,nvme,3,48,24.329165778302126,24.548376214512782,7.9125563971169495,0.5693101225016118,91.95240607232871,68244
A8,DuckDB multi-thread,sata,3,4,1.611202926945457,2.343937315993282,569.8626749298002,0.24988341591372779,40.55231710871466,68620
A8,DuckDB multi-thread,sata,3,6,4.895236775959691,5.87078770167494,395.6998141470418,0.3406880258994065,50.2165575372231,68573
A8,DuckDB multi-thread,sata,3,8,7.636148183120843,8.57903995882693,323.65431449459254,0.33825266504309276,57.37535181485425,68573
A8,DuckDB multi-thread,sata,3,12,11.48501399439731,12.57522572344733,195.45040961957926,0.4097422875988676,66.11942912179319,68526
A8,DuckDB multi-thread,sata,3,16,14.853583180303232,15.849994675716722,132.2406285890388,0.39284359221317455,73.53267372967925,68526
A8,DuckDB multi-thread,sata,3,24,18.536755151996804,19.599130485482934,67.19666666155932,0.4376753565583353,83.3250526069675,68432
A8,DuckDB multi-thread,sata,3,36,21.1643392634843,22.366787025666163,54.888570111051536,0.5159208639409991,84.97175802628114,68338
A8,DuckDB multi-thread,sata,3,48,23.255836630270682,24.548376214512782,46.65513436592739,0.5693101225016118,86.46327882304672,68244
