wl,tier,C,H,oracle,forecast,lost,Ko,Kf,n
A1,nvme,4,4,0.0,0.0,0.0,0,0,2353
A1,nvme,4,6,2.1062804917096916,1.2057208317904413,0.9005596599192502,0.3824904377390565,0.22354441138971526,2353
A1,nvme,4,8,4.411155307756222,3.1299745153268486,1.2811807924293737,0.40373990650233743,0.24011899702507436,2353
A1,nvme,4,12,8.52673692475724,6.937773142187557,1.5889637825696825,0.35741606459838504,0.175945601359966,2353
A1,nvme,4,16,10.082033404644461,8.174495990010854,1.907537414633607,0.49893752656183593,0.25371865703357416,2353
A1,nvme,4,24,13.461611177232763,11.200070502425422,2.261540674807341,0.4266893327666808,0.1440713982150446,2353
A1,nvme,4,36,16.132483494075338,12.353988738145278,3.77849475593006,0.5516362090947726,0.4135146621334467,2353
A1,nvme,4,48,17.45242240034437,12.97048497883415,4.481937421510221,0.6026349341266468,0.42966425839354017,2353
A1,sata,4,4,0.0,0.0,0.0,0,0,2353
A1,sata,4,6,1.6933306845951606,0.9563592885681957,0.7369713960269648,0.3824904377390565,0.22354441138971526,2353
A1,sata,4,8,3.9812118786714685,2.8663050252993916,1.114906853372077,0.40373990650233743,0.24011899702507436,2353
A1,sata,4,12,8.156576855218782,6.752786659475824,1.4037901957429586,0.35741606459838504,0.175945601359966,2353
A1,sata,4,16,9.584128476747198,7.909985185556586,1.674143291190612,0.49893752656183593,0.25371865703357416,2353
A1,sata,4,24,13.04982973988453,11.050230493481097,1.9995992464034327,0.4266893327666808,0.1440713982150446,2353
A1,sata,4,36,15.61268194501758,11.942656374907333,3.6700255701102478,0.5516362090947726,0.4135146621334467,2353
A1,sata,4,48,16.89676040448648,12.547729745421686,4.349030659064793,0.6026349341266468,0.42966425839354017,2353
A2,nvme,2,4,2.2995138277684797,1.2463658638617094,1.0531479639067702,0.21461963450913726,0.06587335316617085,2353
A2,nvme,2,6,4.444873099190558,2.839029613280287,1.6058434859102713,0.20314492137696558,0.09859753506162346,2353
A2,nvme,2,8,6.654440333384727,4.606142898130651,2.048297435254076,0.22014449638759032,0.10199745006374841,2353
A2,nvme,2,12,10.196445671969462,7.900775345965802,2.29567032600366,0.19762005949851252,0.11687207819804504,2353
A2,nvme,2,16,11.549583677001271,8.977294725227354,2.572288951773917,0.2664683382915427,0.12367190820229494,2353
A2,nvme,2,24,14.613025546838504,11.815076999994723,2.797948546843781,0.21844453888652784,0.07139821504462389,2353
A2,nvme,2,36,17.286101333982067,13.028812429460908,4.257288904521159,0.24946876328091797,0.13302167445813853,2353
A2,nvme,2,48,18.519857903882148,13.560076274619192,4.959781629262956,0.25541861453463666,0.1274968125796855,2353
A2,sata,2,4,2.119503526823455,1.1904944978605643,0.9290090289628907,0.21461963450913726,0.06587335316617085,2353
A2,sata,2,6,4.276965492536229,2.754335031943331,1.5226304605928984,0.20314492137696558,0.09859753506162346,2353
A2,sata,2,8,6.475319176181286,4.519247730089775,1.956071446091511,0.22014449638759032,0.10199745006374841,2353
A2,sata,2,12,10.041009435111796,7.801399903522194,2.2396095315896023,0.19762005949851252,0.11687207819804504,2353
A2,sata,2,16,11.345520296786534,8.878275956046105,2.4672443407404288,0.2664683382915427,0.12367190820229494,2353
A2,sata,2,24,14.45065606452962,11.756671965915013,2.6939840986146066,0.21844453888652784,0.07139821504462389,2353
A2,sata,2,36,17.106247354095856,12.923867230088273,4.182380124007583,0.24946876328091797,0.13302167445813853,2353
A2,sata,2,48,18.339014513307525,13.460426591059694,4.878587922247831,0.25541861453463666,0.1274968125796855,2353
A3,nvme,12,12,0.0,0.0,0.0,0,0,2353
A3,nvme,12,16,3.267845909995744,2.564243088834436,0.7036028211613079,0.7875053123671908,0.4679133021674458,2353
A3,nvme,12,24,7.767107377988679,6.364772687994475,1.4023346899942037,1.2413939651508712,0.7743306417339566,2353
A3,nvme,12,36,11.806713407243743,9.5130542749041,2.293659132339643,1.5359116022099448,1.1308967275818105,2353
A3,nvme,12,48,13.992270640788444,10.986386226514634,3.00588441427381,1.6799830004249894,1.2804929876753082,2353
A3,sata,12,12,0.0,0.0,0.0,0,0,2353
A3,sata,12,16,3.1455882711706624,2.490847202269046,0.6547410689016164,0.7875053123671908,0.4679133021674458,2353
A3,sata,12,24,7.583180889118429,6.248502973206912,1.3346779159115174,1.2413939651508712,0.7743306417339566,2353
A3,sata,12,36,11.59267905500193,9.352386113155276,2.240292941846654,1.5359116022099448,1.1308967275818105,2353
A3,sata,12,48,13.765662143485175,10.810248446204442,2.9554136972807328,1.6799830004249894,1.2804929876753082,2353
A4,nvme,1,4,3.5439266558619567,1.958023503504804,1.5859031523571527,0,0,2353
A4,nvme,1,6,5.825210721216343,3.5920986709309872,2.2331120502853556,0,0,2353
A4,nvme,1,8,7.851983995429846,5.589986591990222,2.261997403439624,0,0,2353
A4,nvme,1,12,10.898428189954632,8.415818270694478,2.4826099192601543,0,0,2353
A4,nvme,1,16,12.00630134869264,9.057326020786853,2.948975327905787,0,0,2353
A4,nvme,1,24,14.97364420631112,11.793192235080289,3.1804519712308306,0,0,2353
A4,nvme,1,36,17.69018135311184,13.027504441960255,4.662676911151584,0,0,2353
A4,nvme,1,48,18.89637156765201,13.497585059893394,5.398786507758617,0,0,2353
A4,sata,1,4,3.5439266558619567,1.958023503504804,1.5859031523571527,0,0,2353
A4,sata,1,6,5.825210721216343,3.5920986709309872,2.2331120502853556,0,0,2353
A4,sata,1,8,7.851983995429846,5.589986591990222,2.261997403439624,0,0,2353
A4,sata,1,12,10.898428189954632,8.415818270694478,2.4826099192601543,0,0,2353
A4,sata,1,16,12.00630134869264,9.057326020786853,2.948975327905787,0,0,2353
A4,sata,1,24,14.97364420631112,11.793192235080289,3.1804519712308306,0,0,2353
A4,sata,1,36,17.69018135311184,13.027504441960255,4.662676911151584,0,0,2353
A4,sata,1,48,18.89637156765201,13.497585059893394,5.398786507758617,0,0,2353
A5,nvme,1,4,3.5439266558619567,1.958023503504804,1.5859031523571527,0,0,2353
A5,nvme,1,6,5.825210721216343,3.592098670930987,2.233112050285356,0,0,2353
A5,nvme,1,8,7.851983995429846,5.589986591990222,2.261997403439624,0,0,2353
A5,nvme,1,12,10.898428189954632,8.415818270694478,2.4826099192601543,0,0,2353
A5,nvme,1,16,12.00630134869264,9.057326020786853,2.948975327905787,0,0,2353
A5,nvme,1,24,14.97364420631112,11.793192235080289,3.1804519712308306,0,0,2353
A5,nvme,1,36,17.69018135311184,13.027504441960255,4.662676911151584,0,0,2353
A5,nvme,1,48,18.89637156765201,13.497585059893394,5.398786507758617,0,0,2353
A5,sata,1,4,3.5439266558619567,1.958023503504804,1.5859031523571527,0,0,2353
A5,sata,1,6,5.825210721216343,3.592098670930987,2.233112050285356,0,0,2353
A5,sata,1,8,7.851983995429846,5.589986591990222,2.261997403439624,0,0,2353
A5,sata,1,12,10.898428189954632,8.415818270694478,2.4826099192601543,0,0,2353
A5,sata,1,16,12.00630134869264,9.057326020786853,2.948975327905787,0,0,2353
A5,sata,1,24,14.97364420631112,11.793192235080289,3.1804519712308306,0,0,2353
A5,sata,1,36,17.69018135311184,13.027504441960255,4.662676911151584,0,0,2353
A5,sata,1,48,18.89637156765201,13.497585059893394,5.398786507758617,0,0,2353
A6,nvme,8,8,0.0,0.0,0.0,0,0,2353
A6,nvme,8,12,4.37265920100888,3.674025306752859,0.6986338942560213,0.5771355716107097,0.342966425839354,2353
A6,nvme,8,16,6.859894139474114,5.779708978541933,1.0801851609321806,0.730556736081598,0.42498937526561836,2353
A6,nvme,8,24,10.829039530142738,9.197394828554701,1.631644701588037,0.8346791330216745,0.5036124096897577,2353
A6,nvme,8,36,13.840286814398834,11.039375769275312,2.800911045123522,1.0900977475563112,0.8763280917977051,2353
A6,nvme,8,48,15.418641521308869,11.880309540683085,3.5383319806257845,1.2214194645133871,0.9536761580960476,2353
A6,sata,8,8,0.0,0.0,0.0,0,0,2353
A6,sata,8,12,3.7124832480645624,3.278904062779877,0.4335791852846853,0.5771355716107097,0.342966425839354,2353
A6,sata,8,16,6.04313147225733,5.299261255605863,0.7438702166514668,0.730556736081598,0.42498937526561836,2353
A6,sata,8,24,9.910157936582578,8.62711510088182,1.2830428357007584,0.8346791330216745,0.5036124096897577,2353
A6,sata,8,36,12.705277156613212,10.10742685458132,2.597850302031892,1.0900977475563112,0.8763280917977051,2353
A6,sata,8,48,14.188511669139887,10.892112050588988,3.2963996185508986,1.2214194645133871,0.9536761580960476,2353
A7,nvme,1,4,3.5439266558619567,1.958023503504804,1.5859031523571527,0,0,2353
A7,nvme,1,6,5.825210721216343,3.592098670930987,2.233112050285356,0,0,2353
A7,nvme,1,8,7.851983995429846,5.589986591990222,2.261997403439624,0,0,2353
A7,nvme,1,12,10.898428189954632,8.415818270694478,2.4826099192601543,0,0,2353
A7,nvme,1,16,12.00630134869264,9.057326020786853,2.948975327905787,0,0,2353
A7,nvme,1,24,14.97364420631112,11.793192235080289,3.1804519712308306,0,0,2353
A7,nvme,1,36,17.69018135311184,13.027504441960255,4.662676911151584,0,0,2353
A7,nvme,1,48,18.89637156765201,13.497585059893394,5.398786507758617,0,0,2353
A7,sata,1,4,3.5439266558619567,1.958023503504804,1.5859031523571527,0,0,2353
A7,sata,1,6,5.825210721216343,3.592098670930987,2.233112050285356,0,0,2353
A7,sata,1,8,7.851983995429846,5.589986591990222,2.261997403439624,0,0,2353
A7,sata,1,12,10.898428189954632,8.415818270694478,2.4826099192601543,0,0,2353
A7,sata,1,16,12.00630134869264,9.057326020786853,2.948975327905787,0,0,2353
A7,sata,1,24,14.97364420631112,11.793192235080289,3.1804519712308306,0,0,2353
A7,sata,1,36,17.69018135311184,13.027504441960255,4.662676911151584,0,0,2353
A7,sata,1,48,18.89637156765201,13.497585059893394,5.398786507758617,0,0,2353
A8,nvme,1,4,3.5439266558619567,1.958023503504804,1.5859031523571527,0,0,2353
A8,nvme,1,6,5.825210721216344,3.5920986709309872,2.2331120502853565,0,0,2353
A8,nvme,1,8,7.851983995429846,5.589986591990222,2.261997403439624,0,0,2353
A8,nvme,1,12,10.898428189954632,8.415818270694478,2.4826099192601543,0,0,2353
A8,nvme,1,16,12.00630134869264,9.057326020786853,2.948975327905787,0,0,2353
A8,nvme,1,24,14.97364420631112,11.793192235080289,3.1804519712308306,0,0,2353
A8,nvme,1,36,17.69018135311184,13.027504441960255,4.662676911151584,0,0,2353
A8,nvme,1,48,18.89637156765201,13.497585059893394,5.398786507758617,0,0,2353
A8,sata,1,4,3.5439266558619567,1.958023503504804,1.5859031523571527,0,0,2353
A8,sata,1,6,5.825210721216344,3.5920986709309872,2.2331120502853565,0,0,2353
A8,sata,1,8,7.851983995429846,5.589986591990222,2.261997403439624,0,0,2353
A8,sata,1,12,10.898428189954632,8.415818270694478,2.4826099192601543,0,0,2353
A8,sata,1,16,12.00630134869264,9.057326020786853,2.948975327905787,0,0,2353
A8,sata,1,24,14.97364420631112,11.793192235080289,3.1804519712308306,0,0,2353
A8,sata,1,36,17.69018135311184,13.027504441960255,4.662676911151584,0,0,2353
A8,sata,1,48,18.89637156765201,13.497585059893394,5.398786507758617,0,0,2353
